id,inhibitor_type,substrate_mM,temperature_C,vmax_app,km_app,velocity_uM_min
1,Competitive,1.61,29.4,88.51,3.365,32.1
2,Competitive,1.47,28.6,88.39,3.414,23.32
3,None,3.32,29.9,103.65,2.105,63.8
4,Competitive,1.96,25.9,89.9,3.338,29.85
5,Uncompetitive,11.79,31.4,94.06,1.47,81.05
6,Noncompetitive,2.2,32.2,94.1,1.946,50.2
7,Noncompetitive,5.42,31.7,87.44,2.13,65.3
8,None,1.45,34.3,95.75,2.074,40.09
9,None,2.73,27.3,96.13,2.013,57.27
10,Noncompetitive,6.53,31.7,75.97,1.759,60.57
11,Competitive,15.3,36.3,97.42,3.247,84.58
12,None,3.76,34.7,99.65,1.59,71.93
13,Uncompetitive,1.05,33.8,96.69,1.684,36.78
14,Competitive,2.95,31.8,97.57,3.149,50.13
15,Competitive,3.83,30.3,93.35,2.961,52.86
16,Competitive,4.07,30.7,88.3,3.189,51.31
17,Uncompetitive,5.69,30.3,91.01,1.458,75.32
18,Uncompetitive,7.18,32.4,89.55,1.631,77.68
19,Noncompetitive,3.11,32.9,93.59,1.677,66.12
20,None,11.89,26.2,107.48,2.297,95.92
21,None,0.68,27.4,104.43,1.528,35.28
22,Competitive,1.09,27.2,96.79,3.286,23.82
23,None,0.44,28.7,97.5,1.627,22.01
24,Competitive,5.04,29.8,90.15,3.188,53.3
25,None,7.86,30.7,100.23,2.112,77.71
26,Competitive,3.45,31.5,96.93,3.208,50.79
27,Uncompetitive,8.01,32.4,89.94,1.667,76.43
28,Noncompetitive,2.84,30.6,89.92,1.792,53.19
29,None,1.78,29.6,97.06,1.873,48.54
30,Noncompetitive,5.64,27.5,91.12,2.097,62.0
31,None,1.52,28.4,101.53,1.852,44.95
32,Uncompetitive,4.34,28.5,91.95,2.015,65.23
33,Competitive,1.4,32.3,93.48,3.298,27.61
34,Competitive,1.45,31.6,88.24,3.663,29.16
35,None,1.61,30.7,105.28,1.767,52.23
36,Competitive,2.38,31.6,83.49,2.65,33.97
37,Competitive,5.72,29.4,99.02,3.158,64.81
38,Noncompetitive,3.82,28.3,78.73,1.774,53.84
39,None,3.77,24.9,90.64,2.083,62.19
40,Competitive,4.75,28.7,92.14,3.253,50.82
41,Competitive,7.36,25.3,84.83,3.422,60.86
42,None,5.78,30.7,99.7,2.086,77.68
43,None,3.09,27.0,100.64,1.699,69.46
44,None,2.48,29.4,108.89,2.008,59.84
45,Noncompetitive,7.45,29.3,95.38,2.19,76.49
46,Noncompetitive,1.73,23.3,83.7,2.211,37.89
47,Uncompetitive,3.18,24.2,77.26,1.698,56.0
48,Competitive,1.77,31.9,91.5,3.153,35.55
49,Uncompetitive,2.79,30.2,93.07,2.05,54.26
50,Uncompetitive,1.84,34.1,90.22,1.632,48.6
51,Competitive,2.15,31.5,88.61,3.379,31.35
52,Noncompetitive,1.52,28.4,88.23,2.259,33.96
53,Competitive,4.38,23.9,84.48,3.455,47.13
54,Competitive,2.1,32.4,81.41,3.408,33.31
55,Competitive,1.29,34.3,84.99,3.337,19.37
56,None,2.21,24.0,96.34,1.978,52.17
57,Noncompetitive,2.34,30.4,106.74,2.154,53.49
58,Competitive,4.47,29.4,90.89,3.149,49.25
59,Competitive,3.33,23.4,88.39,3.408,40.95
60,Competitive,0.95,26.2,91.04,2.944,22.54
61,None,4.01,31.1,104.04,1.995,70.71
62,None,0.81,34.4,100.14,1.861,31.73
63,Noncompetitive,3.59,30.3,90.57,1.652,61.36
64,Uncompetitive,6.73,30.2,95.84,1.539,77.12
65,Competitive,4.49,29.7,101.75,2.826,62.96
66,Competitive,4.39,31.9,87.73,3.092,46.51
67,Competitive,1.46,28.6,81.05,3.235,25.69
68,Competitive,5.67,30.7,84.88,3.41,54.28
69,Competitive,5.45,34.8,86.17,3.11,51.35
70,Competitive,1.14,26.7,89.77,2.823,28.86
71,Noncompetitive,7.39,30.4,88.07,1.949,65.93
72,Competitive,1.02,29.3,98.79,3.405,24.39
73,Uncompetitive,1.75,28.9,88.71,1.329,47.51
74,Competitive,4.84,28.7,91.43,3.034,58.54
75,None,2.01,29.7,92.31,1.96,46.76
76,Uncompetitive,0.54,29.5,85.85,1.361,23.3
77,None,0.25,28.3,87.21,1.847,13.19
78,Competitive,0.57,31.6,94.39,3.473,8.92
79,Competitive,8.66,28.9,98.06,3.337,73.04
80,None,9.02,28.2,96.49,1.767,82.45
81,Uncompetitive,4.5,27.6,93.13,1.856,66.06
82,Competitive,2.09,32.2,98.59,3.252,39.68
83,Noncompetitive,9.27,25.6,96.57,2.352,72.11
84,Uncompetitive,4.81,30.7,91.45,1.718,67.04
85,Competitive,1.42,31.4,92.42,3.02,29.22
86,Noncompetitive,0.84,22.9,88.26,1.746,33.76
87,Noncompetitive,4.65,27.6,83.49,2.065,55.62
88,Competitive,8.44,32.9,97.62,3.181,65.35
89,Noncompetitive,1.49,36.1,92.98,2.087,39.33
90,None,2.09,27.7,101.03,1.851,53.41
91,None,3.13,27.3,86.05,2.133,49.86
92,Uncompetitive,1.51,27.8,81.69,1.936,31.57
93,None,6.3,31.8,102.59,2.041,74.79
94,Competitive,1.59,30.3,82.92,3.399,24.79
95,None,1.57,30.6,99.78,2.06,42.89
96,Uncompetitive,2.06,32.4,88.43,1.744,42.18
97,None,1.78,34.9,94.18,1.899,49.7
98,Noncompetitive,2.59,24.2,87.48,2.242,51.45
99,Noncompetitive,1.09,31.9,99.81,1.882,33.38
100,None,2.53,33.5,100.55,2.045,51.54
101,Noncompetitive,6.52,31.8,89.19,1.807,66.83
102,Uncompetitive,1.96,28.9,96.74,1.868,51.49
103,Competitive,3.39,33.6,86.28,3.162,44.18
104,Competitive,5.21,28.7,86.67,3.303,52.69
105,Competitive,5.56,30.7,80.72,2.947,57.99
106,None,6.88,26.5,106.63,1.81,85.21
107,Uncompetitive,7.76,29.5,91.25,1.547,79.27
108,Competitive,2.34,33.8,80.08,3.251,36.08
109,Competitive,0.66,33.2,82.37,3.225,14.98
110,Competitive,5.5,31.7,91.62,3.142,54.72
111,None,1.92,37.4,107.38,1.856,54.72
112,None,11.78,32.6,95.68,1.738,81.71
113,Competitive,1.11,28.7,84.78,3.326,22.4
114,Competitive,0.98,30.9,79.48,2.996,22.56
115,Uncompetitive,1.45,30.6,84.33,1.782,34.65
116,Competitive,2.9,28.0,92.57,2.899,46.26
117,Competitive,2.52,30.1,88.1,3.212,41.91
118,Uncompetitive,2.22,30.5,94.3,1.948,55.22
119,None,6.48,33.0,94.35,2.084,66.7
120,Noncompetitive,2.07,33.8,95.23,2.017,47.48
121,None,3.37,26.2,93.41,2.206,57.37
122,Uncompetitive,4.2,31.3,94.38,1.575,68.69
123,Competitive,0.84,30.8,87.77,3.06,17.03
124,Noncompetitive,4.96,33.5,91.4,2.068,59.33
125,Uncompetitive,5.47,28.2,93.13,1.618,71.46
126,Noncompetitive,4.23,29.1,81.07,1.855,52.48
127,Competitive,2.14,30.8,85.22,2.935,35.54
128,Uncompetitive,4.93,30.9,91.76,1.488,73.25
129,Noncompetitive,1.67,32.1,86.66,2.171,40.92
130,Noncompetitive,3.57,33.3,88.49,2.165,56.6
131,None,5.34,29.4,99.29,2.511,73.72
132,Competitive,2.67,27.3,80.89,3.417,40.66
133,Competitive,3.33,27.2,83.69,3.271,39.0
134,None,2.66,34.2,100.12,2.185,55.22
135,Uncompetitive,0.57,27.0,91.04,1.487,29.41
136,None,1.67,33.0,110.38,2.108,51.35
137,Noncompetitive,2.51,23.7,86.48,1.973,52.11
138,None,1.8,31.9,100.11,2.451,42.85
139,None,1.15,29.7,96.35,2.247,25.22
140,Noncompetitive,2.01,32.4,90.34,2.18,47.04
141,Competitive,6.95,29.3,100.75,3.016,71.51
142,None,4.94,29.7,104.45,2.674,65.34
143,Competitive,5.05,30.6,90.98,3.161,55.07
144,Competitive,1.63,26.6,85.79,3.078,30.82
145,Uncompetitive,4.9,30.4,84.33,1.886,56.76
146,Noncompetitive,2.2,30.2,94.58,1.706,58.2
147,Noncompetitive,2.96,35.0,91.68,1.816,55.87
148,Uncompetitive,2.18,32.7,81.37,1.546,44.58
149,Noncompetitive,4.1,32.4,94.07,2.057,68.11
150,None,7.79,30.7,93.44,2.06,70.34
151,Uncompetitive,4.57,32.5,95.6,1.578,69.12
152,None,1.48,25.2,92.17,1.949,40.18
153,None,4.34,32.7,97.77,1.391,74.17
154,Competitive,3.36,27.6,93.59,3.17,47.81
155,None,3.89,26.2,96.64,2.027,64.26
156,None,3.87,29.7,99.43,2.215,62.41
157,Competitive,3.7,31.7,89.46,3.195,45.49
158,Noncompetitive,7.33,38.1,87.49,2.139,75.26
159,Competitive,4.19,23.9,96.67,3.15,61.19
160,None,1.41,28.2,104.69,2.414,37.16
161,Uncompetitive,5.12,30.4,77.61,1.717,55.73
162,Competitive,2.13,28.3,96.34,3.213,40.25
163,Noncompetitive,1.82,37.8,87.1,1.818,44.27
164,None,1.1,31.6,109.76,2.187,28.9
165,Competitive,4.96,29.4,85.66,3.284,49.66
166,Noncompetitive,12.9,26.3,86.22,2.237,66.8
167,None,2.88,28.2,98.43,1.909,57.28
168,Uncompetitive,1.68,32.2,94.42,1.738,48.47
169,Competitive,4.0,28.2,88.14,3.502,47.95
170,Uncompetitive,1.43,32.1,90.86,2.104,30.67
171,Noncompetitive,2.96,31.6,92.2,2.233,51.61
172,Uncompetitive,3.75,31.1,87.31,1.839,59.79
173,None,1.8,31.7,109.92,1.777,58.44
174,Noncompetitive,0.26,32.3,88.53,1.938,10.82
175,Uncompetitive,1.23,29.7,85.89,1.278,43.12
176,Uncompetitive,8.99,29.3,89.75,1.817,72.91
177,None,4.09,29.6,106.32,1.971,69.96
178,None,6.5,25.8,98.55,2.133,72.67
179,Noncompetitive,5.42,33.7,91.83,1.952,67.56
180,None,5.6,25.4,98.16,1.841,69.07
181,None,1.9,24.4,103.94,1.907,48.1
182,Competitive,4.4,35.3,74.61,3.509,42.77
183,Competitive,5.1,33.1,92.17,3.464,54.51
184,Noncompetitive,14.72,29.6,89.27,1.994,75.66
185,None,3.21,34.5,107.75,2.312,62.81
186,Competitive,4.93,28.6,90.94,3.415,51.69
187,Competitive,6.21,33.3,87.42,3.106,59.33
188,Noncompetitive,2.76,29.1,93.46,1.869,56.18
189,Competitive,1.65,31.6,90.42,3.016,31.3
190,Competitive,1.78,30.1,89.47,3.158,28.94
191,Noncompetitive,8.43,25.3,95.29,2.158,73.4
192,Noncompetitive,4.34,28.0,92.7,1.896,62.4
193,None,1.15,28.9,100.21,1.811,35.52
194,Noncompetitive,3.29,30.8,99.1,2.31,58.42
195,Noncompetitive,1.64,30.1,84.42,2.105,37.69
196,Competitive,2.87,24.8,90.68,3.19,46.22
197,Noncompetitive,1.64,27.5,94.91,1.566,48.24
198,None,5.38,33.8,86.82,2.161,62.06
199,Uncompetitive,1.97,29.1,77.49,1.453,42.25
200,Competitive,6.14,25.8,83.99,3.238,54.27
201,Competitive,2.24,33.1,97.26,3.362,40.06
202,None,9.76,29.4,106.0,2.225,86.05
203,Noncompetitive,2.26,32.7,95.19,1.81,59.48
204,Competitive,0.15,27.9,93.92,3.415,1.24
205,Uncompetitive,2.56,27.5,91.34,1.726,49.53
206,Competitive,4.15,27.3,96.03,3.285,51.09
207,Noncompetitive,2.53,30.4,89.0,1.765,57.07
208,None,1.33,36.1,96.84,1.683,46.97
209,None,5.53,28.7,109.33,2.383,75.45
210,Uncompetitive,3.32,30.6,89.38,2.033,55.65
211,Competitive,3.3,36.2,92.95,2.815,53.36
212,Uncompetitive,2.79,30.2,97.53,1.869,62.01
213,None,3.32,26.8,98.31,1.909,55.74
214,Noncompetitive,3.76,29.8,93.67,2.205,60.04
215,Competitive,9.24,30.7,87.63,2.892,71.25
216,Uncompetitive,1.72,26.9,90.94,1.664,47.6
217,Competitive,4.42,28.7,98.02,3.297,50.54
218,None,6.14,27.6,101.36,1.642,86.52
219,Competitive,6.26,36.2,91.32,2.929,64.32
220,Noncompetitive,2.17,26.1,87.32,1.933,41.88
221,None,3.75,28.1,106.45,1.748,70.98
222,None,7.88,25.4,108.36,1.98,88.83
223,Noncompetitive,3.44,27.7,92.03,1.958,57.48
224,Noncompetitive,6.38,29.2,87.36,2.096,69.89
225,None,5.97,31.9,94.7,2.115,72.6
226,Noncompetitive,2.61,32.4,86.48,1.892,51.59
227,None,2.63,28.5,95.21,2.175,49.57
228,Noncompetitive,5.96,31.2,93.49,1.759,73.23
229,Competitive,10.85,23.8,79.96,3.008,69.07
230,None,2.41,30.6,99.93,1.5,63.64
231,Noncompetitive,2.01,28.4,88.12,1.96,46.82
232,Uncompetitive,3.64,29.4,95.91,1.972,58.12
233,None,3.44,33.2,102.51,2.002,63.67
234,None,3.69,29.2,95.73,1.807,64.44
235,Competitive,4.92,32.0,88.98,2.77,57.22
236,Uncompetitive,3.46,24.3,94.18,1.328,71.11
237,Uncompetitive,3.74,30.5,89.93,1.61,59.52
238,Uncompetitive,6.86,35.0,77.96,1.617,63.91
239,Competitive,1.7,28.8,89.44,3.312,30.77
240,None,5.08,26.7,90.7,2.261,66.95
241,None,3.79,32.3,98.98,2.071,64.8
242,Uncompetitive,4.52,32.1,96.91,1.587,70.15
243,None,2.62,31.5,101.05,2.123,49.56
244,Competitive,6.89,23.9,90.34,3.307,60.62
245,Competitive,1.85,28.0,85.46,3.418,30.19
246,Competitive,6.0,27.7,89.55,3.021,59.27
247,Competitive,7.97,29.4,87.3,3.306,65.58
248,Competitive,4.42,26.6,93.76,3.321,55.63
249,Competitive,1.58,31.9,88.6,3.156,28.07
250,Competitive,1.28,31.1,91.9,2.929,26.3
251,Noncompetitive,15.28,36.2,89.42,2.009,79.58
252,Competitive,4.48,31.8,90.39,3.048,50.54
253,None,5.33,27.5,98.22,2.18,69.03
254,None,5.94,28.0,98.08,1.974,73.6
255,None,5.25,33.5,99.9,2.005,70.12
256,Competitive,7.22,23.8,87.01,3.125,60.03
257,Noncompetitive,1.13,26.4,97.12,1.947,33.17
258,None,11.8,31.6,91.31,2.343,83.8
259,None,5.16,32.2,104.18,2.116,78.98
260,Competitive,2.22,29.8,98.28,2.923,41.56
261,Noncompetitive,3.68,29.0,87.9,1.991,54.02
262,Competitive,3.31,28.5,88.89,2.918,38.32
263,Competitive,3.02,27.9,85.47,3.538,35.07
264,Uncompetitive,7.42,29.4,95.51,1.965,78.37
265,Competitive,1.19,35.5,94.07,3.538,23.23
266,Competitive,2.07,22.7,84.6,2.846,36.39
267,None,2.89,27.0,93.01,1.778,59.32
268,Noncompetitive,2.06,35.2,88.63,1.831,45.56
269,Competitive,7.27,32.9,93.44,2.996,69.59
270,None,2.75,25.9,102.99,1.803,63.76
271,None,2.03,29.4,99.89,1.822,52.12
272,None,4.73,32.4,101.66,1.944,71.77
273,None,3.48,33.1,100.1,2.086,65.96
274,Competitive,3.99,27.0,87.25,3.317,50.06
275,Competitive,4.53,27.9,90.6,3.409,47.25
276,Competitive,1.49,27.0,85.78,3.267,30.65
277,Competitive,1.17,29.2,95.4,3.267,26.06
278,Competitive,4.54,31.4,87.54,3.457,48.43
279,Competitive,3.04,33.8,87.73,3.363,38.97
280,Noncompetitive,5.15,25.8,80.8,2.064,56.98
281,None,5.82,33.0,97.56,1.626,76.21
282,Noncompetitive,3.02,30.5,90.39,2.305,48.51
283,None,2.27,29.3,91.94,1.654,54.12
284,Noncompetitive,2.05,37.3,95.64,1.849,46.78
285,Competitive,5.27,35.1,84.68,2.73,48.48
286,Competitive,1.21,24.5,90.41,3.571,23.05
287,Competitive,4.97,35.2,94.47,3.074,59.98
288,Noncompetitive,2.63,30.0,81.04,2.014,48.52
289,Competitive,6.01,26.0,84.14,2.856,60.59
290,Uncompetitive,0.76,33.8,91.23,1.741,22.73
291,Uncompetitive,2.34,33.9,92.94,1.923,51.67
292,None,3.1,30.2,87.13,1.825,57.56
293,Competitive,8.21,31.3,90.89,3.197,65.6
294,Noncompetitive,9.5,30.4,86.23,2.066,70.65
295,None,4.43,29.7,100.45,1.765,73.31
296,None,2.18,34.9,99.71,2.158,53.49
297,Uncompetitive,1.54,29.2,94.29,1.517,47.59
298,Uncompetitive,2.05,34.0,86.54,1.725,47.81
299,Competitive,0.59,31.7,98.69,3.17,13.32
300,None,2.04,26.3,103.85,2.234,47.16
301,None,3.32,29.6,97.92,2.044,56.07
302,Noncompetitive,3.1,29.9,85.91,1.55,51.77
303,Noncompetitive,2.89,28.4,93.76,2.017,56.89
304,Competitive,4.76,28.6,90.2,3.226,53.34
305,None,6.12,32.0,104.57,2.088,77.53
306,Competitive,1.81,32.6,91.55,3.085,36.02
307,Competitive,0.96,31.9,77.98,2.893,24.97
308,Competitive,1.47,30.5,88.06,2.887,30.0
309,Competitive,1.12,28.8,90.26,3.15,20.02
310,None,3.07,28.9,91.07,2.319,52.04
311,Competitive,5.72,30.8,94.85,3.184,63.52
312,Competitive,1.71,32.1,88.06,3.173,25.64
313,Competitive,1.36,34.9,83.3,3.242,28.2
314,None,6.51,31.2,96.81,2.179,69.78
315,Uncompetitive,0.6,32.1,87.81,1.616,28.1
316,Uncompetitive,1.53,25.3,91.61,1.856,40.96
317,Competitive,0.88,24.7,94.67,3.405,16.67
318,Noncompetitive,6.45,28.0,81.85,2.136,63.18
319,Competitive,3.15,31.6,92.61,3.415,42.39
320,Competitive,5.34,28.4,84.19,3.576,43.38
321,Noncompetitive,4.29,23.3,91.26,1.981,61.63
322,Competitive,5.53,29.4,82.19,3.1,57.61
323,Uncompetitive,3.96,35.1,94.78,1.416,67.45
324,Noncompetitive,4.43,33.5,93.44,2.063,58.59
325,Uncompetitive,3.8,25.6,93.06,1.681,61.33
326,Competitive,3.83,29.9,93.34,3.356,47.96
327,None,2.57,28.8,98.35,1.955,60.36
328,Competitive,4.42,29.3,91.13,2.99,49.12
329,Noncompetitive,0.46,31.4,88.56,1.984,15.72
330,Uncompetitive,3.88,29.3,99.47,1.339,69.99
331,Noncompetitive,3.24,34.1,99.09,1.979,62.9
332,Competitive,8.08,25.7,86.29,3.068,65.74
333,None,6.31,32.2,111.32,2.247,83.32
334,None,12.41,33.0,105.32,2.264,89.58
335,None,5.67,29.2,109.49,1.999,77.42
336,Noncompetitive,3.09,30.7,83.3,1.619,53.38
337,Noncompetitive,3.79,36.9,83.88,1.779,57.22
338,None,3.29,30.1,106.5,1.998,70.46
339,Competitive,0.42,32.4,81.71,3.022,6.24
340,Competitive,5.89,32.9,88.71,3.14,55.59
341,None,4.72,26.7,103.75,2.331,70.22
342,Competitive,9.01,37.5,94.3,3.106,73.95
343,Uncompetitive,2.2,29.3,92.98,1.708,50.3
344,Noncompetitive,0.63,29.4,94.57,2.057,28.84
345,None,4.37,31.9,93.15,1.807,63.96
346,None,7.7,30.5,97.13,1.868,74.8
347,Competitive,10.09,29.0,94.73,3.145,71.12
348,Uncompetitive,0.32,32.0,90.38,1.724,11.44
349,Noncompetitive,1.54,26.1,85.54,2.176,35.96
350,Competitive,2.11,34.5,94.54,2.979,41.64
351,None,3.1,31.1,97.17,2.002,61.3
352,Competitive,2.55,31.8,89.35,2.606,46.49
353,None,4.93,28.9,99.95,1.986,70.17
354,None,7.38,28.4,99.66,2.069,78.11
355,None,5.39,26.3,103.36,2.031,70.43
356,Noncompetitive,2.15,32.3,92.13,2.396,40.51
357,None,0.44,25.2,93.63,1.87,20.94
358,Competitive,4.64,30.6,88.63,3.13,52.32
359,Noncompetitive,3.87,28.5,88.12,1.956,58.37
360,None,6.39,30.7,91.76,2.102,70.14
361,Uncompetitive,6.9,27.2,92.97,2.054,65.24
362,None,7.73,33.7,110.39,2.216,86.7
363,Noncompetitive,1.38,27.0,97.34,1.899,39.55
364,None,6.36,21.4,103.9,1.684,84.52
365,Noncompetitive,3.48,29.0,81.07,2.185,49.45
366,Competitive,0.3,27.3,89.0,3.24,4.6
367,Competitive,1.03,29.2,96.79,3.348,22.07
368,Competitive,6.64,27.5,96.95,2.931,63.57
369,Competitive,1.66,30.7,91.83,3.058,36.25
370,Competitive,4.96,25.9,87.86,3.01,55.77
371,Noncompetitive,8.38,30.0,88.47,2.148,73.69
372,None,5.43,29.1,100.92,1.584,80.77
373,Noncompetitive,2.63,27.1,78.5,1.723,45.13
374,Competitive,0.54,26.5,85.95,3.251,12.75
375,Competitive,10.3,34.0,79.29,2.809,63.38
376,None,3.86,26.2,89.61,2.055,60.59
377,None,10.24,27.7,91.09,1.887,79.01
378,Competitive,7.95,33.5,90.96,2.667,66.74
379,Uncompetitive,7.81,30.4,85.33,1.916,70.39
380,Competitive,5.53,30.7,89.65,2.803,60.52
381,None,6.29,27.5,100.47,2.112,72.56
382,Competitive,4.04,29.4,82.9,3.399,43.19
383,None,2.11,36.2,92.67,2.062,48.77
384,Competitive,1.77,33.3,84.44,3.395,28.67
385,Competitive,5.75,26.8,89.78,2.896,59.44
386,None,3.95,28.9,105.79,1.846,70.05
387,Noncompetitive,10.21,22.2,75.59,2.246,65.13
388,Uncompetitive,1.62,32.1,95.92,1.997,46.9
389,Uncompetitive,3.82,26.8,94.51,2.127,58.88
390,Competitive,0.97,31.4,84.31,3.089,22.52
391,Competitive,5.0,29.9,88.94,3.196,56.19
392,Noncompetitive,0.39,28.8,90.37,2.177,12.2
393,Noncompetitive,4.16,29.3,89.65,1.933,59.58
394,Competitive,3.99,29.3,88.7,2.772,54.45
395,Competitive,2.75,26.5,94.2,3.349,37.28
396,Noncompetitive,9.81,32.5,84.8,1.969,64.25
397,None,4.88,30.2,103.29,2.081,76.18
398,None,1.91,33.7,99.53,2.165,46.8
399,Competitive,4.81,25.2,85.04,3.341,51.49
400,Noncompetitive,3.9,32.9,86.94,2.086,64.01
401,Competitive,5.65,28.3,76.29,3.249,49.11
402,Competitive,3.56,28.6,95.95,3.328,50.87
403,Competitive,16.16,33.1,86.55,2.992,72.4
404,Noncompetitive,4.36,33.4,86.46,1.933,58.58
405,None,2.08,34.5,94.39,1.852,46.46
406,None,3.54,29.9,105.91,1.964,69.89
407,Competitive,1.68,29.2,86.13,3.15,30.31
408,Uncompetitive,1.47,34.1,90.43,1.345,44.35
409,Noncompetitive,7.09,32.0,79.43,1.864,65.83
410,Competitive,3.12,30.7,100.42,3.409,46.46
411,Competitive,9.47,23.9,85.56,3.129,64.64
412,Noncompetitive,2.92,29.0,80.49,2.024,49.28
413,Competitive,3.41,28.7,92.2,3.62,45.49
414,None,4.86,29.2,97.79,2.076,68.01
415,Competitive,6.53,27.6,91.09,3.519,55.21
416,Competitive,4.73,28.8,96.86,3.256,58.11
417,Uncompetitive,4.61,34.4,85.06,1.617,66.0
418,Competitive,1.8,32.8,87.49,3.126,28.61
419,None,5.63,31.4,98.13,2.082,67.67
420,Competitive,0.8,31.0,83.92,3.241,21.13
421,None,7.37,26.9,101.77,2.25,75.04
422,Noncompetitive,0.1,31.6,83.47,2.489,1.59
423,Competitive,5.2,31.7,92.31,3.4,54.92
424,Competitive,1.48,30.0,91.27,3.237,31.18
425,Competitive,2.58,26.2,86.59,3.314,33.63
426,Competitive,1.6,34.3,85.51,3.313,27.04
427,Noncompetitive,2.28,29.6,85.38,2.053,41.5
428,None,2.27,31.2,103.54,1.919,62.32
429,None,1.79,32.4,106.95,1.901,50.12
430,Competitive,8.78,25.5,86.82,3.272,60.33
431,Uncompetitive,0.54,34.6,84.94,1.515,20.31
432,Competitive,5.33,26.2,88.22,3.187,54.64
433,Noncompetitive,6.71,29.6,88.16,2.331,65.9
434,Uncompetitive,0.44,34.4,88.99,1.458,22.61
435,None,1.53,26.3,98.45,1.912,41.41
436,Competitive,1.67,29.0,90.59,3.133,29.29
437,Noncompetitive,6.49,32.4,92.99,2.216,63.14
438,Noncompetitive,3.37,33.8,90.49,2.091,52.59
439,Competitive,2.45,26.0,94.95,3.374,38.15
440,Noncompetitive,2.04,26.7,95.58,2.231,50.32
441,Noncompetitive,1.99,29.3,86.81,2.499,38.66
442,Competitive,5.19,31.8,88.35,2.828,56.14
443,None,1.93,29.6,100.88,2.609,47.51
444,Noncompetitive,0.56,30.0,95.71,2.248,18.36
445,None,2.76,29.5,98.02,2.48,49.13
446,Competitive,1.37,30.4,99.29,3.132,27.86
447,Noncompetitive,1.78,31.0,86.36,2.041,36.93
448,Competitive,2.13,31.7,85.79,3.006,33.14
449,Noncompetitive,1.22,34.8,82.16,1.693,34.55
450,Competitive,4.72,31.1,91.03,3.21,53.6
451,Uncompetitive,0.62,32.0,86.44,1.63,26.92
452,Competitive,7.65,32.3,89.15,3.159,64.1
453,Competitive,2.53,32.4,87.76,3.044,42.75
454,None,3.09,31.0,99.92,2.091,63.76
455,Competitive,2.07,34.9,93.06,3.256,38.47
456,None,3.63,24.3,99.39,2.041,61.04
457,Noncompetitive,0.88,29.7,88.59,1.84,28.16
458,Noncompetitive,3.96,31.0,85.77,1.827,62.08
459,None,2.17,28.2,108.62,2.023,60.67
460,Competitive,4.47,34.3,92.15,2.991,55.85
461,None,8.66,23.8,92.01,2.069,80.37
462,Competitive,4.45,28.9,85.25,2.978,49.81
463,Uncompetitive,0.91,24.8,94.97,1.93,31.57
464,Uncompetitive,6.21,28.8,86.65,1.576,64.97
465,None,2.04,27.6,99.37,2.309,47.17
466,None,2.34,30.9,99.85,2.123,54.59
467,Noncompetitive,2.73,36.9,87.04,1.841,56.03
468,Competitive,7.77,34.0,92.36,3.275,56.8
469,Competitive,3.86,25.9,88.48,3.452,42.39
470,Noncompetitive,2.1,31.4,90.42,1.863,46.54
471,Competitive,6.59,28.5,85.68,3.103,51.42
472,None,5.55,32.7,88.91,2.067,65.38
473,Noncompetitive,3.92,32.3,85.43,2.217,59.77
474,Competitive,3.98,34.2,86.29,3.178,47.04
475,Competitive,2.75,34.8,89.93,3.276,43.62
476,Competitive,1.31,33.1,93.17,3.473,25.56
477,None,3.08,29.5,102.48,1.874,61.23
478,None,8.95,29.5,102.71,1.788,82.1
479,Noncompetitive,9.04,26.0,84.94,2.234,70.18
480,Noncompetitive,1.01,31.2,87.18,2.128,30.13
481,Competitive,5.25,31.4,90.06,2.906,58.14
482,None,2.47,24.7,109.5,2.319,57.08
483,Competitive,1.92,33.4,105.05,3.341,43.95
484,None,3.48,29.2,96.91,2.096,65.13
485,Uncompetitive,1.97,26.8,84.37,1.677,41.73
486,Noncompetitive,2.23,30.6,84.07,1.895,40.76
487,None,4.03,25.7,95.25,2.061,65.07
488,None,5.88,27.9,105.96,2.219,72.23
489,Uncompetitive,8.33,27.4,93.66,1.526,80.39
490,None,1.02,27.4,89.62,1.993,33.51
491,Uncompetitive,7.02,26.9,81.38,1.876,62.03
492,Uncompetitive,6.52,29.3,94.73,1.921,73.04
493,Competitive,12.95,32.5,100.37,3.071,83.04
494,Competitive,5.72,26.9,95.11,3.226,59.42
495,Noncompetitive,0.91,28.0,85.68,1.906,30.45
496,Competitive,3.38,26.9,86.1,3.23,43.27
497,None,3.92,32.6,101.5,2.043,68.06
498,Competitive,5.41,28.9,93.98,3.237,54.25
499,Competitive,3.46,31.2,92.51,3.438,46.57
500,None,2.07,28.7,90.64,2.021,47.4
501,Competitive,2.5,34.5,91.09,2.883,40.32
502,Competitive,10.08,29.5,92.1,3.05,68.61
503,None,8.68,33.3,103.3,2.56,82.81
504,Uncompetitive,4.72,32.7,89.18,1.548,69.23
505,None,1.13,29.0,110.34,2.107,38.92
506,Uncompetitive,3.51,27.9,91.65,1.98,60.34
507,None,1.67,28.7,94.14,2.362,34.09
508,None,3.34,29.0,99.52,2.037,61.98
509,None,2.4,34.2,98.7,2.182,49.05
510,Competitive,4.16,33.0,81.58,3.192,46.04
511,Competitive,6.38,31.2,82.96,3.056,51.57
512,Uncompetitive,10.24,28.4,96.95,1.699,84.9
513,Noncompetitive,5.52,27.5,87.87,1.874,62.28
514,None,3.31,25.6,109.93,2.289,72.85
515,None,2.53,29.0,98.72,2.365,50.73
516,None,5.9,28.3,104.95,2.047,76.43
517,Noncompetitive,2.51,33.8,95.61,1.83,54.81
518,None,1.51,31.5,102.96,1.801,41.83
519,None,2.42,29.9,97.76,2.259,50.24
520,Noncompetitive,2.39,32.5,97.06,1.85,57.42
521,None,3.87,33.8,95.75,1.683,68.12
522,None,1.08,29.5,101.86,2.2,32.01
523,None,6.62,29.5,107.97,2.108,86.1
524,Competitive,5.02,25.8,94.45,2.983,57.43
525,None,2.69,34.2,98.68,1.989,55.49
526,Noncompetitive,1.98,32.9,87.36,2.181,38.93
527,Noncompetitive,1.52,28.3,96.0,2.135,35.93
528,Competitive,6.83,32.9,98.32,3.145,70.18
529,Noncompetitive,7.31,22.9,85.97,1.839,66.53
530,Competitive,12.36,28.6,91.8,3.067,74.08
531,Uncompetitive,2.7,30.2,93.94,1.761,55.22
532,Competitive,0.73,30.9,90.14,3.375,19.52
533,Noncompetitive,4.3,32.8,90.89,2.1,63.89
534,Competitive,3.87,27.4,94.59,2.979,48.99
535,Competitive,2.41,31.7,86.89,3.326,37.33
536,Noncompetitive,7.74,32.4,92.25,1.707,75.68
537,Competitive,1.53,29.3,88.79,3.517,29.75
538,Noncompetitive,6.59,28.6,90.67,2.347,67.6
539,None,2.14,26.3,107.22,1.978,58.86
540,Competitive,1.84,28.2,95.71,3.074,38.22
541,Competitive,12.51,24.0,87.71,3.307,70.82
542,Uncompetitive,3.56,29.4,90.85,1.594,65.48
543,Noncompetitive,5.66,30.3,97.08,1.8,72.34
544,Competitive,6.64,29.1,86.64,2.862,59.58
545,Competitive,7.98,28.7,88.1,3.472,65.79
546,Noncompetitive,5.42,29.8,96.68,2.176,72.23
547,Noncompetitive,5.3,30.6,89.99,1.889,68.68
548,Noncompetitive,2.04,31.7,83.74,2.099,42.75
549,Competitive,0.85,25.5,93.17,3.117,14.78
550,Uncompetitive,2.45,28.6,91.13,1.651,55.76
551,None,4.88,25.6,104.78,1.914,74.65
552,Uncompetitive,2.65,28.6,92.69,1.866,57.74
553,Competitive,8.29,33.1,93.69,3.124,67.08
554,Noncompetitive,1.88,30.6,87.4,1.85,35.53
555,Uncompetitive,9.87,28.8,94.76,1.514,83.76
556,Competitive,1.93,27.8,100.87,2.936,39.21
557,Noncompetitive,2.11,28.5,85.82,2.057,42.85
558,Competitive,4.45,28.2,86.71,2.922,52.37
559,Uncompetitive,0.66,31.0,94.85,1.951,27.83
560,Competitive,1.97,27.2,90.54,3.275,40.62
561,Competitive,1.3,28.7,86.09,2.642,28.59
562,Competitive,3.01,28.0,85.33,3.094,39.4
563,Uncompetitive,1.67,26.5,104.76,1.495,48.05
564,Competitive,1.56,25.4,82.5,2.752,35.45
565,None,13.6,29.9,94.88,2.174,88.42
566,Competitive,6.27,26.1,92.94,3.312,56.79
567,Competitive,2.4,29.7,85.28,3.408,35.95
568,Noncompetitive,5.0,32.9,90.86,2.043,64.77
569,None,4.15,29.8,93.58,2.232,55.78
570,Competitive,3.93,29.2,89.08,3.306,49.35
571,Competitive,4.24,25.3,88.63,3.41,50.99
572,None,1.43,27.9,96.44,2.145,37.77
573,None,5.77,27.2,101.16,2.173,73.98
574,Noncompetitive,2.48,28.1,87.03,2.138,48.21
575,Uncompetitive,3.47,30.1,93.22,1.604,63.64
576,Uncompetitive,6.48,31.8,85.42,1.348,69.81
577,Uncompetitive,3.88,22.8,92.47,1.826,61.93
578,Uncompetitive,0.85,33.6,93.48,1.622,33.94
579,Noncompetitive,1.46,26.3,93.43,1.766,43.8
580,Noncompetitive,1.91,35.7,96.28,1.985,50.17
581,None,0.84,28.3,92.5,1.963,28.61
582,Competitive,10.1,30.8,83.87,3.314,65.57
583,Competitive,3.12,30.2,82.23,3.376,43.86
584,Noncompetitive,3.06,28.6,92.13,2.076,50.77
585,Competitive,6.54,32.6,85.18,3.132,58.66
586,Competitive,1.03,33.6,87.83,2.779,24.68
587,Noncompetitive,3.28,29.2,93.59,1.904,56.75
588,Noncompetitive,1.16,27.2,94.27,2.006,36.85
589,Competitive,6.45,26.2,78.41,3.563,49.99
590,Competitive,4.98,33.3,90.29,2.929,56.28
591,Uncompetitive,4.3,26.1,87.37,1.286,62.06
592,Noncompetitive,5.52,30.4,91.24,2.113,66.01
593,Noncompetitive,1.62,31.6,90.43,2.008,40.68
594,Noncompetitive,1.15,27.8,89.03,1.831,37.41
595,None,5.96,31.9,108.41,2.147,82.9
596,Competitive,2.69,29.7,91.81,2.953,43.31
597,Competitive,3.85,29.2,87.16,3.672,46.46
598,None,11.48,25.7,98.4,2.194,85.59
599,Noncompetitive,7.62,28.2,80.87,2.184,61.29
600,Competitive,6.97,27.7,81.27,3.248,53.17
601,Competitive,1.37,32.2,87.56,3.269,23.64
602,Noncompetitive,2.37,30.7,91.67,1.921,51.19
603,Noncompetitive,5.76,27.5,95.67,2.083,68.74
604,Competitive,5.37,25.0,84.78,3.267,51.08
605,Competitive,0.88,32.0,92.61,3.466,15.27
606,Noncompetitive,1.45,32.9,98.48,1.989,45.43
607,None,5.2,33.0,106.51,2.051,76.72
608,None,3.7,30.9,103.39,1.771,67.25
609,Noncompetitive,6.92,26.9,83.05,2.187,67.14
610,Noncompetitive,0.37,28.0,86.92,2.024,15.61
611,None,3.32,23.1,104.2,2.084,58.76
612,Competitive,2.28,30.4,92.93,3.341,37.66
613,Noncompetitive,6.9,31.9,92.98,2.092,74.22
614,Noncompetitive,3.79,27.3,94.29,1.903,58.79
615,Competitive,2.37,27.4,88.14,3.437,32.44
616,None,7.73,22.2,97.59,2.085,76.1
617,Competitive,4.98,31.4,110.5,3.184,69.68
618,Competitive,2.27,33.5,91.22,3.341,40.47
619,Noncompetitive,3.23,29.7,96.53,2.1,58.14
620,Competitive,1.81,27.9,89.77,3.117,30.32
621,Noncompetitive,1.26,27.4,91.39,2.214,32.84
622,Uncompetitive,3.19,28.4,88.22,1.914,51.65
623,Noncompetitive,6.61,32.3,90.62,1.532,74.54
624,None,2.86,28.5,92.99,1.772,55.31
625,None,5.24,26.8,104.58,1.72,74.08
626,None,1.61,36.0,116.72,1.699,58.35
627,None,1.2,26.3,100.95,2.223,32.84
628,Competitive,1.6,26.7,80.79,3.027,23.95
629,Competitive,0.55,27.4,85.98,3.391,12.91
630,Noncompetitive,4.3,30.3,97.8,2.086,61.76
631,None,1.38,28.9,93.42,2.054,33.9
632,Competitive,1.49,28.4,92.07,3.089,26.83
633,None,4.52,29.8,105.99,1.839,78.88
634,Competitive,2.28,26.5,92.52,3.041,38.67
635,None,8.56,30.9,90.91,2.121,74.23
636,Noncompetitive,3.9,32.4,87.34,2.063,59.98
637,Competitive,0.33,27.9,95.0,2.618,9.72
638,Competitive,1.52,30.5,85.24,3.471,26.04
639,Noncompetitive,0.7,29.2,92.04,1.948,26.09
640,Uncompetitive,11.02,31.5,85.25,1.724,73.97
641,Competitive,1.68,29.7,93.52,3.354,30.64
642,Noncompetitive,1.72,32.8,90.7,1.765,45.34
643,Noncompetitive,2.5,37.1,91.81,1.702,53.51
644,Competitive,3.71,32.0,86.49,3.026,45.62
645,Noncompetitive,1.35,32.4,85.29,2.239,30.92
646,Noncompetitive,3.0,28.5,78.54,2.003,45.6
647,Competitive,2.14,28.0,86.5,3.419,35.71
648,Competitive,2.53,30.4,87.85,2.707,37.44
649,Uncompetitive,2.41,26.4,92.37,1.661,56.76
650,Uncompetitive,5.34,33.0,80.72,1.461,70.25
651,Noncompetitive,8.3,32.0,98.22,2.207,78.06
652,Competitive,0.42,28.1,86.37,3.112,9.96
653,Noncompetitive,10.25,31.6,87.8,1.786,72.43
654,Noncompetitive,5.42,36.4,92.58,1.932,63.45
655,Competitive,2.2,30.5,88.28,2.857,37.33
656,None,3.24,32.0,102.8,2.005,63.32
657,Uncompetitive,1.45,30.7,86.33,1.464,37.38
658,None,7.6,30.8,96.47,1.773,75.75
659,Competitive,3.15,29.7,88.36,3.195,40.8
660,Competitive,6.07,36.2,86.97,2.766,62.73
661,None,4.42,23.9,101.21,1.925,71.8
662,None,0.61,31.2,105.9,1.885,25.14
663,Uncompetitive,10.52,29.4,78.25,1.964,66.72
664,Noncompetitive,5.04,33.3,95.57,2.137,66.46
665,None,3.4,33.2,101.53,1.837,70.44
666,Noncompetitive,2.5,32.3,97.21,1.825,56.83
667,None,3.05,27.3,101.56,2.077,59.88
668,Noncompetitive,3.64,34.0,93.05,1.996,57.53
669,Competitive,1.2,28.7,83.95,3.466,24.22
670,Uncompetitive,0.9,33.6,96.28,1.743,24.09
671,Competitive,1.33,30.9,84.28,3.244,20.47
672,Noncompetitive,4.44,30.6,89.06,2.135,64.84
673,None,2.78,28.8,109.71,2.318,53.59
674,Uncompetitive,3.1,23.8,93.25,1.723,57.4
675,Competitive,1.53,35.8,87.02,3.356,28.9
676,Competitive,1.49,31.1,89.12,3.191,29.24
677,None,0.72,28.7,102.89,1.85,27.87
678,Noncompetitive,4.64,31.5,95.61,2.135,63.61
679,Noncompetitive,3.36,28.8,84.49,1.872,51.04
680,None,4.0,27.4,103.99,1.762,73.04
681,None,10.05,28.0,99.3,1.916,81.54
682,Competitive,6.28,28.5,84.62,3.315,48.14
683,Uncompetitive,1.42,28.3,93.82,1.686,39.13
684,Uncompetitive,1.15,30.6,86.48,1.962,33.62
685,Noncompetitive,10.03,33.5,84.52,2.187,73.66
686,None,3.72,31.1,100.48,2.473,60.36
687,Uncompetitive,2.01,29.5,91.01,1.677,47.4
688,None,9.23,23.2,99.21,2.125,81.54
689,Uncompetitive,7.78,31.3,83.65,2.007,65.73
690,Competitive,0.53,27.8,98.4,2.903,17.24
691,Noncompetitive,2.89,30.7,94.27,2.288,57.84
692,None,4.13,31.3,103.05,1.684,71.17
693,None,3.98,29.0,95.28,2.291,67.51
694,Competitive,6.87,27.5,87.5,3.276,56.14
695,None,3.8,31.0,92.81,1.973,55.25
696,Competitive,3.89,26.4,88.2,2.991,49.16
697,Noncompetitive,3.46,36.8,83.54,1.74,50.06
698,Noncompetitive,1.02,30.1,86.55,1.935,28.06
699,Competitive,1.81,31.7,102.07,3.106,33.44
700,None,9.03,29.7,113.24,1.856,93.21
701,Competitive,1.95,27.6,89.93,3.112,35.14
702,Noncompetitive,10.74,35.8,87.66,2.161,71.93
703,Competitive,1.24,26.5,94.63,3.526,25.11
704,Competitive,4.85,29.9,88.73,3.12,53.49
705,None,2.69,29.2,106.24,2.016,56.78
706,Noncompetitive,6.55,28.7,91.48,1.786,69.73
707,Noncompetitive,4.34,27.8,97.06,1.934,63.86
708,Competitive,1.43,28.9,96.93,3.068,30.03
709,Noncompetitive,3.46,31.5,86.7,2.158,52.6
710,Uncompetitive,3.28,30.7,88.47,1.52,61.25
711,Noncompetitive,1.67,31.1,91.72,2.086,37.09
712,Competitive,6.35,29.0,98.76,3.015,66.88
713,Uncompetitive,3.56,32.5,98.67,2.06,60.12
714,Competitive,1.33,25.3,90.06,3.355,25.93
715,Noncompetitive,2.6,29.5,89.23,2.019,49.52
716,Competitive,1.86,29.2,93.28,3.411,35.57
717,Noncompetitive,3.16,29.2,91.46,2.173,53.64
718,Competitive,1.77,29.2,92.56,3.325,23.91
719,Competitive,0.38,29.4,90.81,2.985,10.98
720,Competitive,1.56,31.8,78.38,3.433,19.98
721,None,2.3,28.5,101.07,2.226,53.41
722,Uncompetitive,3.56,28.6,89.93,1.61,60.41
723,Uncompetitive,10.05,33.6,89.84,1.826,75.75
724,Noncompetitive,1.93,32.8,92.44,1.588,54.6
725,Competitive,5.53,30.1,83.3,2.845,55.68
726,Competitive,2.97,30.5,93.09,3.192,44.9
727,None,1.35,25.5,97.12,2.199,37.95
728,None,3.48,29.3,91.79,2.082,53.86
729,Competitive,8.93,31.9,93.5,3.197,72.42
730,None,3.12,31.8,102.73,2.035,60.71
731,None,4.37,26.7,91.32,2.029,62.26
732,Competitive,1.1,25.8,82.63,3.061,21.08
733,Competitive,3.63,32.1,83.8,3.35,39.37
734,Competitive,1.68,33.1,82.06,3.326,21.61
735,Competitive,4.69,32.2,87.01,3.565,48.73
736,Uncompetitive,0.54,36.0,93.15,1.841,24.06
737,Uncompetitive,1.44,34.1,93.14,2.166,38.87
738,None,4.53,27.8,97.51,1.908,72.21
739,Uncompetitive,5.02,34.0,81.4,1.939,64.57
740,None,2.15,27.6,101.41,2.364,47.94
741,Competitive,5.71,31.1,92.83,2.938,59.74
742,Noncompetitive,1.71,26.2,86.7,1.77,41.47
743,Noncompetitive,4.46,33.2,84.76,2.044,57.86
744,None,3.81,28.6,100.08,2.114,65.56
745,Noncompetitive,0.71,37.0,85.4,2.402,16.16
746,Noncompetitive,11.75,31.1,79.57,1.9,65.8
747,Uncompetitive,7.15,30.0,83.46,1.285,70.08
748,Uncompetitive,4.52,27.4,85.94,1.756,64.53
749,Uncompetitive,12.31,31.4,95.93,1.712,83.91
750,Competitive,6.25,31.1,85.76,3.293,59.01
751,Noncompetitive,1.73,28.2,86.75,1.826,42.9
752,Uncompetitive,6.18,34.9,90.97,1.343,74.29
753,None,3.73,28.0,101.05,2.359,62.69
754,Noncompetitive,6.16,25.7,82.96,2.131,61.49
755,None,8.13,29.6,98.47,2.36,75.74
756,Uncompetitive,4.75,30.0,96.96,1.452,77.79
757,None,5.16,29.2,101.82,2.031,76.15
758,Competitive,4.93,32.0,93.2,3.365,54.99
759,Competitive,4.81,30.5,93.0,3.409,53.69
760,Competitive,1.73,34.3,85.07,3.488,31.74
761,Noncompetitive,2.46,33.6,95.47,1.814,54.4
762,Competitive,0.55,32.2,86.28,3.187,14.7
763,Competitive,8.13,32.3,87.31,3.35,64.23
764,None,4.97,25.4,97.96,2.039,72.71
765,Noncompetitive,4.33,32.4,96.52,1.575,74.21
766,None,3.37,32.2,107.7,2.128,65.8
767,Uncompetitive,8.85,34.8,82.39,1.79,72.31
768,Competitive,3.7,28.2,92.18,3.106,52.52
769,Competitive,3.13,27.9,77.99,3.24,36.88
770,Competitive,2.0,28.9,94.2,2.786,41.07
771,Noncompetitive,0.53,30.0,85.63,2.342,18.87
772,None,5.09,27.0,102.18,2.013,70.76
773,Noncompetitive,1.27,26.0,93.17,1.853,38.99
774,Noncompetitive,6.49,28.2,83.78,2.354,65.02
775,Competitive,2.17,25.7,94.59,2.875,38.75
776,None,0.91,24.7,96.36,1.895,33.47
777,Competitive,2.51,28.0,79.89,3.455,30.13
778,Uncompetitive,2.27,30.2,91.06,1.508,50.5
779,None,5.68,29.3,101.69,1.876,77.21
780,Noncompetitive,3.43,32.3,94.78,2.017,58.37
781,Noncompetitive,1.07,25.4,83.36,2.123,33.24
782,None,1.5,32.7,88.78,2.002,34.12
783,Competitive,0.65,29.3,87.35,3.26,14.08
784,Noncompetitive,2.83,34.7,88.43,2.022,50.5
785,Noncompetitive,5.28,30.4,84.65,1.992,60.58
786,Uncompetitive,4.75,29.8,85.52,1.677,69.61
787,Uncompetitive,3.99,29.3,88.07,1.676,59.85
788,Competitive,0.43,30.8,79.71,3.156,7.21
789,None,2.06,33.1,95.98,1.605,57.14
790,None,11.74,32.4,102.91,2.372,79.57
791,Uncompetitive,5.91,30.8,96.01,1.458,77.31
792,Uncompetitive,6.27,29.5,82.93,1.586,61.22
793,Noncompetitive,2.28,30.5,89.72,2.241,39.38
794,Uncompetitive,8.67,36.5,98.14,2.08,78.47
795,Competitive,2.8,32.0,93.55,3.421,36.14
796,Noncompetitive,1.11,33.2,91.82,2.123,28.08
797,Competitive,1.06,31.9,83.65,3.266,18.2
798,Noncompetitive,4.12,31.3,96.94,1.937,69.09
799,Noncompetitive,11.62,22.4,86.89,2.127,74.21
800,Noncompetitive,1.7,27.1,86.61,2.221,36.94
801,Competitive,7.95,30.2,92.98,3.406,68.24
802,Uncompetitive,2.96,30.3,88.53,1.922,44.25
803,None,12.48,30.9,101.87,1.898,83.16
804,Noncompetitive,4.41,31.9,93.8,2.007,59.84
805,Noncompetitive,9.2,26.2,93.23,1.63,82.39
806,Competitive,4.71,30.6,87.5,3.466,52.76
807,Competitive,3.79,30.4,98.98,3.185,54.17
808,Competitive,2.26,31.5,107.96,2.846,52.14
809,Competitive,1.42,26.3,90.65,3.251,30.55
810,None,2.86,30.2,106.3,2.227,61.9
811,Noncompetitive,1.91,24.1,92.6,1.984,42.38
812,Competitive,5.02,25.3,88.95,3.296,55.5
813,Noncompetitive,2.63,35.7,91.07,1.898,55.66
814,None,1.15,29.6,97.11,1.817,41.69
815,Competitive,4.13,26.7,86.29,3.287,48.83
816,Noncompetitive,0.39,24.4,86.44,1.833,13.04
817,Uncompetitive,3.04,29.2,91.53,1.713,57.86
818,Competitive,8.64,34.9,93.97,2.953,73.02
819,Noncompetitive,1.88,29.8,90.52,1.976,44.99
820,None,2.08,31.6,99.64,2.155,46.0
821,Noncompetitive,2.66,27.7,93.78,1.739,57.5
822,Uncompetitive,7.36,27.5,84.02,1.615,64.2
823,Uncompetitive,5.11,30.2,85.45,1.537,66.06
824,Uncompetitive,1.02,29.4,89.46,1.911,37.43
825,Competitive,4.07,29.5,86.06,3.201,50.61
826,Noncompetitive,8.87,30.7,95.79,1.985,76.97
827,Competitive,7.81,32.1,83.96,3.163,68.8
828,Noncompetitive,2.26,23.8,87.04,1.877,44.49
829,Competitive,1.83,28.5,87.75,2.879,30.39
830,Competitive,8.34,32.0,92.02,3.138,64.16
831,None,3.72,28.1,97.73,2.186,59.33
832,Uncompetitive,1.05,34.4,83.14,1.59,37.2
833,Competitive,4.62,32.1,93.1,3.313,53.9
834,Noncompetitive,9.6,27.6,90.15,1.71,73.36
835,Noncompetitive,5.92,28.2,87.43,2.284,60.3
836,Competitive,4.06,28.9,92.4,3.53,52.76
837,Noncompetitive,4.42,27.4,96.71,2.108,64.35
838,Noncompetitive,8.99,28.4,92.0,2.023,72.52
839,Competitive,6.25,27.0,88.57,3.02,56.9
840,Uncompetitive,0.96,29.4,92.19,1.297,39.5
841,None,1.09,31.4,92.65,2.102,29.39
842,Competitive,7.46,31.7,89.95,3.43,61.24
843,None,4.2,30.6,100.09,1.964,66.93
844,Competitive,14.28,24.2,86.84,3.242,70.16
845,Uncompetitive,1.71,30.8,98.34,1.504,53.88
846,Competitive,4.92,28.6,87.61,3.279,49.24
847,Competitive,4.4,30.4,92.84,3.403,54.17
848,Noncompetitive,6.0,27.7,89.49,2.115,61.11
849,None,11.9,27.3,93.82,1.827,84.17
850,Competitive,2.02,29.1,83.44,3.096,32.26
851,Competitive,5.52,33.1,87.21,3.339,56.76
852,Competitive,1.39,20.2,91.43,3.083,29.74
853,Noncompetitive,4.11,31.9,81.08,2.357,56.08
854,None,11.41,33.4,93.5,2.461,77.22
855,Competitive,1.86,24.0,86.96,3.145,36.59
856,Noncompetitive,10.24,28.8,89.3,2.544,73.54
857,Competitive,2.19,27.4,90.29,3.205,33.2
858,Noncompetitive,6.37,27.9,88.62,2.226,68.85
859,Uncompetitive,0.1,29.2,87.22,1.758,5.38
860,Uncompetitive,3.9,30.4,84.05,1.712,57.58
861,Noncompetitive,0.3,28.7,91.54,1.732,14.21
862,None,2.03,25.1,100.99,1.962,49.24
863,Noncompetitive,6.41,26.4,96.73,2.352,79.05
864,Competitive,2.6,29.4,90.47,3.308,39.26
865,Uncompetitive,2.12,29.9,89.24,1.709,46.76
866,Noncompetitive,3.43,28.3,84.52,1.993,47.36
867,None,1.97,25.9,99.57,2.122,50.75
868,Competitive,3.78,27.3,86.63,3.204,47.88
869,Competitive,6.98,30.1,88.29,3.295,60.15
870,Competitive,3.22,24.7,90.96,3.176,47.63
871,Noncompetitive,3.5,29.3,91.93,1.959,61.1
872,Competitive,5.11,23.9,88.23,2.997,58.17
873,None,10.34,26.7,102.52,2.357,82.75
874,Competitive,5.44,33.1,84.74,2.995,49.78
875,Competitive,4.17,26.8,101.57,3.26,54.65
876,None,4.44,34.7,94.62,1.909,67.3
877,Competitive,0.26,29.7,85.82,3.092,6.0
878,None,3.39,34.6,84.75,1.915,56.96
879,Noncompetitive,1.12,23.1,81.54,1.877,33.73
880,Uncompetitive,12.88,34.4,88.44,1.767,77.37
881,Competitive,1.39,29.5,88.91,3.364,23.67
882,Competitive,1.26,29.5,89.58,3.335,23.16
883,Noncompetitive,4.48,27.5,92.14,1.64,67.56
884,None,1.49,29.4,103.16,2.206,42.42
885,None,2.36,31.0,101.18,2.139,57.22
886,Noncompetitive,4.53,27.0,87.5,1.882,62.72
887,Noncompetitive,3.16,27.3,84.62,2.141,50.93
888,Noncompetitive,3.07,31.0,89.31,2.207,46.89
889,Uncompetitive,1.18,29.9,85.72,1.638,38.39
890,Competitive,1.11,22.8,96.66,3.063,25.32
891,Competitive,2.04,31.9,90.42,3.522,27.93
892,Uncompetitive,4.35,32.1,87.59,2.065,53.04
893,Uncompetitive,2.7,25.8,83.77,1.868,48.3
894,None,2.83,26.8,102.28,2.248,59.13
895,Competitive,1.73,26.5,91.19,3.231,28.04
896,Noncompetitive,3.42,34.3,91.48,2.214,55.39
897,None,1.6,27.7,97.74,1.568,44.55
898,Uncompetitive,2.13,31.2,81.35,1.842,41.79
899,Competitive,5.51,33.3,92.78,3.338,55.21
900,None,6.09,32.0,102.37,2.138,73.33
901,Competitive,0.71,29.7,86.71,3.291,17.75
902,Competitive,2.77,32.7,94.2,3.293,42.3
903,Competitive,4.22,24.8,93.23,3.094,55.63
904,Competitive,6.32,31.5,96.46,3.607,62.43
905,Uncompetitive,11.01,29.1,92.72,2.03,79.55
906,Competitive,1.85,29.1,90.15,3.675,29.13
907,Uncompetitive,6.9,30.4,95.03,1.589,78.23
908,Noncompetitive,2.89,33.6,91.34,2.153,52.23
909,Uncompetitive,1.13,32.9,93.46,1.87,34.25
910,None,1.36,29.0,92.62,1.593,50.4
911,Competitive,4.07,30.7,92.87,3.198,51.43
912,Competitive,0.93,27.2,89.61,3.27,21.92
913,None,1.25,28.9,103.6,2.074,38.46
914,Competitive,9.11,30.8,90.7,3.041,72.96
915,Uncompetitive,2.36,30.5,90.83,1.912,47.44
916,None,6.22,31.1,99.39,2.071,77.4
917,Noncompetitive,2.45,30.6,82.64,1.912,41.27
918,Uncompetitive,1.39,28.4,90.96,1.83,36.16
919,Competitive,2.93,28.0,91.89,3.016,47.58
920,Competitive,1.53,29.0,89.56,3.278,30.16
921,Competitive,9.26,30.8,93.12,3.184,66.38
922,Competitive,8.75,30.7,88.49,3.208,63.53
923,None,10.33,31.3,95.49,1.868,83.99
924,None,5.62,30.1,98.69,1.785,79.13
925,Noncompetitive,1.68,29.9,94.68,1.772,47.27
926,Competitive,4.0,27.7,86.98,2.954,49.37
927,Competitive,8.33,30.5,93.18,3.222,70.52
928,Uncompetitive,3.94,33.4,91.03,1.785,61.16
929,Noncompetitive,3.4,26.5,88.8,2.076,53.96
930,None,0.68,30.9,104.11,1.862,25.85
931,Competitive,1.93,32.9,88.65,2.961,30.85
932,Noncompetitive,0.99,27.2,91.6,2.09,31.27
933,Noncompetitive,6.25,30.5,96.28,2.082,72.41
934,None,6.21,29.1,108.47,2.221,81.64
935,Noncompetitive,6.75,26.9,86.58,1.766,69.94
936,Competitive,6.12,29.9,93.57,3.168,66.64
937,Competitive,0.41,30.9,96.76,3.29,14.3
938,Noncompetitive,1.56,32.1,97.89,1.701,45.85
939,Competitive,6.93,30.4,88.76,3.168,60.73
940,Noncompetitive,4.45,26.2,86.96,1.659,62.23
941,Competitive,1.02,33.6,92.52,3.095,22.57
942,Noncompetitive,8.04,27.0,92.45,2.277,73.41
943,None,6.06,26.5,94.57,2.406,69.7
944,None,4.64,31.4,103.09,2.029,75.81
945,Uncompetitive,3.96,32.4,94.25,1.772,69.19
946,None,1.99,27.0,101.8,2.009,50.52
947,Noncompetitive,5.0,26.4,91.11,2.185,61.31
948,Uncompetitive,6.03,33.3,86.62,1.871,66.87
949,Uncompetitive,3.81,22.0,83.52,1.4,59.56
950,Uncompetitive,4.21,24.7,90.75,1.814,65.7
951,Uncompetitive,2.03,30.9,90.62,1.459,56.49
952,Competitive,1.39,27.2,82.01,3.434,25.5
953,Competitive,5.98,29.1,92.06,3.427,59.17
954,None,3.8,24.9,104.23,1.684,73.98
955,None,5.18,30.5,101.63,2.202,70.73
956,Noncompetitive,5.28,28.0,94.09,1.781,68.08
957,Competitive,4.47,30.7,90.26,3.166,54.1
958,Competitive,1.56,33.6,88.71,2.949,34.69
959,Noncompetitive,2.39,35.0,95.85,2.101,49.6
960,None,10.04,32.8,102.89,2.314,82.63
961,None,4.78,30.4,95.3,1.963,70.16
962,Noncompetitive,2.93,30.4,84.65,1.893,51.23
963,Noncompetitive,5.6,25.8,96.25,1.993,70.81
964,Competitive,3.91,30.6,86.63,3.492,43.79
965,Competitive,1.02,28.4,88.07,3.401,21.93
966,None,4.64,31.8,98.88,2.278,65.94
967,Competitive,6.59,29.3,98.88,3.194,62.34
968,None,5.85,33.2,90.31,1.569,72.97
969,Competitive,3.71,24.4,91.72,2.842,54.16
970,None,5.41,31.9,107.69,1.962,78.33
971,Competitive,3.01,33.0,94.08,2.918,50.51
972,Competitive,2.07,29.6,91.68,3.342,31.47
973,Competitive,6.51,29.5,85.73,3.154,55.11
974,Competitive,7.58,29.6,88.61,2.836,63.17
975,None,0.82,31.6,100.61,2.068,28.69
976,Competitive,4.92,33.8,89.12,3.051,56.1
977,Uncompetitive,11.06,28.8,94.11,1.659,80.37
978,Uncompetitive,3.88,32.3,99.58,1.908,68.76
979,Competitive,4.39,28.3,90.93,3.454,49.33
980,Uncompetitive,0.83,30.2,93.17,1.958,20.48
981,Competitive,4.15,28.9,89.78,3.339,45.81
982,Noncompetitive,0.28,31.2,86.88,2.358,14.07
983,Noncompetitive,0.96,29.9,92.71,1.939,28.45
984,Competitive,2.7,26.9,83.63,3.165,36.71
985,None,1.9,27.6,102.57,1.865,47.42
986,Competitive,4.32,32.0,84.46,3.215,50.12
987,Noncompetitive,2.33,27.8,94.22,2.0,49.38
988,Uncompetitive,3.55,26.8,84.14,1.735,56.22
989,None,6.38,31.8,103.36,1.994,78.41
990,Noncompetitive,1.17,32.3,98.19,2.187,29.07
991,None,12.56,27.2,97.99,2.014,82.87
992,Uncompetitive,1.17,27.4,87.17,1.685,39.38
993,Uncompetitive,3.08,30.7,89.42,1.781,57.1
994,Noncompetitive,3.37,32.4,92.86,1.75,55.52
995,Noncompetitive,5.49,28.5,81.89,1.76,61.58
996,Noncompetitive,4.17,28.9,87.97,1.954,58.55
997,None,1.17,27.5,106.41,2.124,36.68
998,Uncompetitive,3.34,34.3,90.48,1.709,58.11
999,None,8.06,29.8,97.05,1.942,76.43
1000,None,6.87,30.4,97.93,2.031,75.15
